"Roll No",Name,Contact,"Resume Name","Resume Type","Resume Link"
1,"  chandu",'7715035466,,,http://[::1]/codeigniter/student/StudentController/viewResume/1
1648,Student_2539,'1061265809,,,http://[::1]/codeigniter/student/StudentController/viewResume/2
5547,Student_3659,'1360593137,,,http://[::1]/codeigniter/student/StudentController/viewResume/3
5259,Student_4235,'1801152133,,,http://[::1]/codeigniter/student/StudentController/viewResume/4
2981,Student_60,'1424426359,,,http://[::1]/codeigniter/student/StudentController/viewResume/5
8481,Student_465,'1848166525,,,http://[::1]/codeigniter/student/StudentController/viewResume/6
6004,Student_5627,'1167113463,,,http://[::1]/codeigniter/student/StudentController/viewResume/7
1359,Student_7626,'1795935517,,,http://[::1]/codeigniter/student/StudentController/viewResume/8
2621,Student_8198,'1641113771,,,http://[::1]/codeigniter/student/StudentController/viewResume/9
4006,Student_9942,'2111753354,,,http://[::1]/codeigniter/student/StudentController/viewResume/10
8754,Student_4017,'1486212263,,,http://[::1]/codeigniter/student/StudentController/viewResume/11
9220,Student_2956,'1847256797,,,http://[::1]/codeigniter/student/StudentController/viewResume/12
8242,Student_8085,'1721083138,,,http://[::1]/codeigniter/student/StudentController/viewResume/13
7448,Student_6972,'1386209998,,,http://[::1]/codeigniter/student/StudentController/viewResume/14
6321,Student_9465,'2100204134,,,http://[::1]/codeigniter/student/StudentController/viewResume/15
9590,Student_8959,'1707258252,,,http://[::1]/codeigniter/student/StudentController/viewResume/16
4545,Student_1205,'1483026509,,,http://[::1]/codeigniter/student/StudentController/viewResume/17
7687,Student_4526,'1038927760,,,http://[::1]/codeigniter/student/StudentController/viewResume/18
8305,Student_9567,'1399859739,,,http://[::1]/codeigniter/student/StudentController/viewResume/19
8849,Student_3155,'2103156651,,,http://[::1]/codeigniter/student/StudentController/viewResume/20
8740,Student_4162,'1574916632,,,http://[::1]/codeigniter/student/StudentController/viewResume/21
2,"   Chandu bushigampala",'8779216772,,,http://[::1]/codeigniter/student/StudentController/viewResume/33
1,"  Chandu resume",'7715035461,Chandu_Resume.pdf,application/pdf,http://[::1]/codeigniter/student/StudentController/viewResume/35
